case_id,scenario,input,expected,got,success,latency_s,turns,error,prompt_tokens,completion_tokens,raw_response,expected_should_reflect,got_should_reflect,reflection_log_written,bad_cases_non_empty
refl_001,完全成功的预约（不触发反思）,"{'appointment_history': {'gender': '女', 'start_time': '2026-07-12 14:00:00', 'duration': '60', 'project': '肩颈按摩'}, 'turns_count': 4, 'completion_time': 35.0, 'error_type': None}","{""should_reflect"": false, ""success_level"": ""SUCCESS""}","{""evaluation"": {""evaluation_id"": 330, ""success"": 2, ""success_level"": ""SUCCESS"", ""success_rate"": 1.0, ""completion_rate"": 1.0, ""completed_fields"": [""gender"", ""start_time"", ""duration"", ""project""], ""missing_fields"": [], ""turns_count"": 4, ""completion_time"": 35.0, ""error_type"": null, ""should_reflect"": false, ""timestamp"": ""2026-07-18T21:03:39.191436""}, ""reflection_id"": null, ""matches"": {""should_reflect"": true, ""success_level"": true}}",1,0.015,1,,0,0,"{'evaluation': {'evaluation_id': 330, 'success': 2, 'success_level': 'SUCCESS', 'success_rate': 1.0, 'completion_rate': 1.0, 'completed_fields': ['gender', 'start_time', 'duration', 'project'], 'missing_fields': [], 'turns_count': 4, 'completion_time': 35.0, 'error_type': None, 'should_reflect': False, 'timestamp': '2026-07-18T21:03:39.191436'}, 'reflection': None, 'report': {'type': 'success_analysis', 'title': '成功任务分析', 'session_id': 'eval-reflection-refl_001-1784379819171', 'timestamp': '2026",False,False,False,False
refl_002,失败预约（时段被占用，触发反思）,"{'appointment_history': {'gender': '女', 'start_time': '2026-07-12 15:00:00', 'duration': '60', 'project': '肩颈按摩'}, 'turns_count': 5, 'completion_time': 60.0, 'error_type': 'slot_unavailable'}","{""should_reflect"": true, ""success_level"": ""FAILED"", ""error_type"": ""slot_unavailable""}",{},0,11.578,1,"Traceback (most recent call last):
  File ""E:\smart-appointment-ai-agent\eval\runners\base.py"", line 139, in run_async
    result = await coro
  File ""E:\smart-appointment-ai-agent\eval\runners\reflection_runner.py"", line 94, in _call
    return await reflection.reflect_on_appointment(
  File ""E:\smart-appointment-ai-agent\agents\reflection_agent.py"", line 116, in reflect_on_appointment
    result = await self.engine.reflect_on_task(
  File ""E:\smart-appointment-ai-agent\agents\reflection\engine",0,0,,True,False,False,False
refl_003,部分成功（轮数过多，触发反思）,"{'appointment_history': {'gender': '女', 'start_time': '2026-07-12 15:00:00', 'duration': '60', 'project': '肩颈按摩'}, 'turns_count': 15, 'completion_time': 80.0, 'error_type': None}","{""should_reflect"": true, ""success_level"": ""SUCCESS""}",{},0,12.406,1,"Traceback (most recent call last):
  File ""E:\smart-appointment-ai-agent\eval\runners\base.py"", line 139, in run_async
    result = await coro
  File ""E:\smart-appointment-ai-agent\eval\runners\reflection_runner.py"", line 94, in _call
    return await reflection.reflect_on_appointment(
  File ""E:\smart-appointment-ai-agent\agents\reflection_agent.py"", line 116, in reflect_on_appointment
    result = await self.engine.reflect_on_task(
  File ""E:\smart-appointment-ai-agent\agents\reflection\engine",0,0,,True,False,False,False
refl_004,超时预约（completion_time > 120s，触发反思）,"{'appointment_history': {'gender': '男', 'start_time': '2026-07-12 20:00:00', 'duration': '90', 'project': '全身按摩'}, 'turns_count': 6, 'completion_time': 180.0, 'error_type': None}","{""should_reflect"": true, ""success_level"": ""SUCCESS""}",{},0,11.312,1,"Traceback (most recent call last):
  File ""E:\smart-appointment-ai-agent\eval\runners\base.py"", line 139, in run_async
    result = await coro
  File ""E:\smart-appointment-ai-agent\eval\runners\reflection_runner.py"", line 94, in _call
    return await reflection.reflect_on_appointment(
  File ""E:\smart-appointment-ai-agent\agents\reflection_agent.py"", line 116, in reflect_on_appointment
    result = await self.engine.reflect_on_task(
  File ""E:\smart-appointment-ai-agent\agents\reflection\engine",0,0,,True,False,False,False
refl_005,低完成率（<50% 字段，触发反思）,"{'appointment_history': {'gender': '女', 'start_time': None, 'duration': None, 'project': None}, 'turns_count': 2, 'completion_time': 10.0, 'error_type': None}","{""should_reflect"": true, ""success_level"": ""FAILED"", ""error_type"": ""low_completion""}",{},0,11.875,1,"Traceback (most recent call last):
  File ""E:\smart-appointment-ai-agent\eval\runners\base.py"", line 139, in run_async
    result = await coro
  File ""E:\smart-appointment-ai-agent\eval\runners\reflection_runner.py"", line 94, in _call
    return await reflection.reflect_on_appointment(
  File ""E:\smart-appointment-ai-agent\agents\reflection_agent.py"", line 116, in reflect_on_appointment
    result = await self.engine.reflect_on_task(
  File ""E:\smart-appointment-ai-agent\agents\reflection\engine",0,0,,True,False,False,False
refl_006,LLM 错误（触发反思，error_type=llm_error）,"{'appointment_history': {'gender': '女', 'start_time': '2026-07-12 16:00:00', 'duration': '60', 'project': '足疗'}, 'turns_count': 3, 'completion_time': 25.0, 'error_type': 'llm_error'}","{""should_reflect"": true, ""success_level"": ""FAILED"", ""error_type"": ""llm_error""}",{},0,11.938,1,"Traceback (most recent call last):
  File ""E:\smart-appointment-ai-agent\eval\runners\base.py"", line 139, in run_async
    result = await coro
  File ""E:\smart-appointment-ai-agent\eval\runners\reflection_runner.py"", line 94, in _call
    return await reflection.reflect_on_appointment(
  File ""E:\smart-appointment-ai-agent\agents\reflection_agent.py"", line 116, in reflect_on_appointment
    result = await self.engine.reflect_on_task(
  File ""E:\smart-appointment-ai-agent\agents\reflection\engine",0,0,,True,False,False,False
